<?xml version="1.0" encoding="UTF-8"?>
<project-private xmlns="http://www.netbeans.org/ns/project-private/1">
    <editor-bookmarks xmlns="http://www.netbeans.org/ns/editor-bookmarks/2" lastBookmarkId="0"/>
    <open-files xmlns="http://www.netbeans.org/ns/projectui-open-files/2">
        <group>
            <file>file:/C:/Users/aziz/Desktop/ALGORITHM/Aziz_Taskiran_HW4/src/aziz_taskiran_hw4/Hash_Table.java</file>
            <file>file:/C:/Users/aziz/Desktop/ALGORITHM/Aziz_Taskiran_HW4/src/aziz_taskiran_hw4/Person.java</file>
            <file>file:/C:/Users/aziz/Desktop/ALGORITHM/Aziz_Taskiran_HW4/src/aziz_taskiran_hw4/Aziz_Taskiran_HW4.java</file>
            <file>file:/C:/Users/aziz/Desktop/ALGORITHM/Aziz_Taskiran_HW4/src/aziz_taskiran_hw4/Convert_number.java</file>
        </group>
    </open-files>
</project-private>
